<?xml version="1.0" encoding="UTF-8"?>
<Report>
  <System MajorVersion="10" MinorVersion="0" ServicePackMajor="0" ServicePackMinor="0" BuildNumber="18362" Sku="48" Platform="2" />
  <UserActionData>
    <RecordSession SessionCount="1" StartTime="10:02:17" StopTime="10:02:33" ActionCount="12" MissedActionCount="0">
      <EachAction ActionNumber="1" Time="10:02:18" Pid="10292" ProgramId="0000f519feec486de87ed73cb92d3cac802400000000" FileId="0000c893cf07e5f65749cd66e17d9523638b132c87b2" FileVersion="10.0.18362.713 (WinBuild.160101.0800)" FileDescription="Explorateur Windows" FileCompany="Microsoft Corporation" FileName="EXPLORER.EXE" CommandLine="EXPLORER.EXE">
        <Description>Clic avec le bouton gauche par l’utilisateur sur « Discord - 1 fenêtre en cours d’exécution (Bouton) »</Description>
        <Action>Clic avec le bouton gauche de la souris</Action>
        <CursorCoordsXY>217,1066</CursorCoordsXY>
        <ScreenCoordsXYWH>0,0,1920,1080</ScreenCoordsXYWH>
        <UIAStack>
          <Level AutomationId="com.squirrel.Discord.Discord" BoundingRectangle="197,1040,49,40" ControlType="50000" Name="Discord - 1 fenêtre en cours d’exécution" LocalizedControlType="Bouton" />
          <Level BoundingRectangle="96,1040,1509,40" ClassName="MSTaskListWClass" ControlType="50021" FrameworkId="Win32" Name="Applications en cours d’exécution" LocalizedControlType="barre d’outils" />
          <Level BoundingRectangle="96,1040,1509,40" ClassName="MSTaskSwWClass" ControlType="50033" FrameworkId="Win32" Name="Applications en cours d’exécution" LocalizedControlType="volet" />
          <Level AutomationId="40965" BoundingRectangle="94,1040,1511,40" ClassName="ReBarWindow32" ControlType="50033" FrameworkId="Win32" LocalizedControlType="volet" />
          <Level BoundingRectangle="0,1040,1920,40" ClassName="Shell_TrayWnd" ControlType="50033" FrameworkId="Win32" Name="Barre des tâches" LocalizedControlType="volet" />
        </UIAStack>
      </EachAction>
      <EachAction ActionNumber="2" Time="10:02:19" Pid="3836" ProgramId="0006dd78966736362838ff94c0b9fe59cfe200000904" FileId="0000bb3cf097f0faf16bc170b9e0c8e1481934ecae17" FileVersion="0.0.306" FileDescription="Discord" FileCompany="Discord Inc." FileName="DISCORD.EXE" CommandLine="DISCORD.EXE">
        <Description>Saisie au clavier par l’utilisateur sur « #le-tryhard-🩸 - Discord (volet) » dans « #le » [... ENTREE]</Description>
        <Action>Saisie au clavier</Action>
        <CursorCoordsXY>0,0</CursorCoordsXY>
        <ScreenCoordsXYWH>0,0,1920,1080</ScreenCoordsXYWH>
        <UIAStack>
          <Level BoundingRectangle="-8,-8,1936,1056" ClassName="Chrome_WidgetWin_1" ControlType="50033" FrameworkId="Win32" Name="#le-tryhard-🩸 - Discord" LocalizedControlType="volet" />
        </UIAStack>
      </EachAction>
      <EachAction ActionNumber="3" Time="10:02:23" Pid="3836" ProgramId="0006dd78966736362838ff94c0b9fe59cfe200000904" FileId="0000bb3cf097f0faf16bc170b9e0c8e1481934ecae17" FileVersion="0.0.306" FileDescription="Discord" FileCompany="Discord Inc." FileName="DISCORD.EXE" CommandLine="DISCORD.EXE">
        <Description>Clic avec le bouton gauche par l’utilisateur dans « #le »</Description>
        <Action>Clic avec le bouton gauche de la souris</Action>
        <CursorCoordsXY>1634,906</CursorCoordsXY>
        <ScreenCoordsXYWH>0,0,1920,1080</ScreenCoordsXYWH>
        <UIAStack />
      </EachAction>
      <EachAction ActionNumber="4" Time="10:02:24" Pid="3836" ProgramId="0006dd78966736362838ff94c0b9fe59cfe200000904" FileId="0000bb3cf097f0faf16bc170b9e0c8e1481934ecae17" FileVersion="0.0.306" FileDescription="Discord" FileCompany="Discord Inc." FileName="DISCORD.EXE" CommandLine="DISCORD.EXE">
        <Description>Clic avec le bouton gauche par l’utilisateur sur « Supprimer le message (Texte) » dans « #le »</Description>
        <Action>Clic avec le bouton gauche de la souris</Action>
        <CursorCoordsXY>1529,967</CursorCoordsXY>
        <ScreenCoordsXYWH>0,0,1920,1080</ScreenCoordsXYWH>
        <UIAStack>
          <Level BoundingRectangle="1425,959,131,18" ControlType="50020" FrameworkId="Chrome" Name="Supprimer le message" LocalizedControlType="Texte" />
          <Level BoundingRectangle="1425,959,150,18" ControlType="50025" FrameworkId="Chrome" />
          <Level BoundingRectangle="1417,952,186,32" ControlType="50011" FrameworkId="Chrome" Name="Supprimer le message" LocalizedControlType="élément de menu" />
          <Level BoundingRectangle="1409,774,202,255" ControlType="50025" FrameworkId="Chrome" />
          <Level BoundingRectangle="1409,774,202,255" ControlType="50025" FrameworkId="Chrome" />
          <Level AutomationId="popout_2008" BoundingRectangle="1409,774,202,255" ControlType="50025" FrameworkId="Chrome" />
          <Level BoundingRectangle="-1,-1,1922,1042" ControlType="50025" FrameworkId="Chrome" />
          <Level AutomationId="app-mount" BoundingRectangle="-1,-1,1922,1042" ControlType="50025" FrameworkId="Chrome" />
          <Level AutomationId="366256736" BoundingRectangle="-1,-1,1922,1042" ClassName="Chrome_RenderWidgetHostHWND" ControlType="50030" FrameworkId="Chrome" Name="#le-tryhard-🩸" LocalizedControlType="document" />
          <Level BoundingRectangle="-8,-8,1936,1056" ClassName="Chrome_WidgetWin_1" ControlType="50033" FrameworkId="Win32" Name="#le-tryhard-🩸 - Discord" LocalizedControlType="volet" />
        </UIAStack>
      </EachAction>
      <EachAction ActionNumber="5" Time="10:02:26" Pid="3836" ProgramId="0006dd78966736362838ff94c0b9fe59cfe200000904" FileId="0000bb3cf097f0faf16bc170b9e0c8e1481934ecae17" FileVersion="0.0.306" FileDescription="Discord" FileCompany="Discord Inc." FileName="DISCORD.EXE" CommandLine="DISCORD.EXE">
        <Description>Clic avec le bouton gauche par l’utilisateur sur « Supprimer (Bouton) » dans « #le »</Description>
        <Action>Clic avec le bouton gauche de la souris</Action>
        <CursorCoordsXY>1115,615</CursorCoordsXY>
        <ScreenCoordsXYWH>0,0,1920,1080</ScreenCoordsXYWH>
        <UIAStack>
          <Level BoundingRectangle="1064,595,96,38" ControlType="50000" FrameworkId="Chrome" Name="Supprimer" LocalizedControlType="Bouton" />
          <Level BoundingRectangle="740,575,440,78" ControlType="50025" FrameworkId="Chrome" />
          <Level BoundingRectangle="740,387,440,266" ControlType="50025" FrameworkId="Chrome" />
          <Level BoundingRectangle="-1,-1,1922,1042" ControlType="50025" FrameworkId="Chrome" />
          <Level AutomationId="app-mount" BoundingRectangle="-1,-1,1922,1042" ControlType="50025" FrameworkId="Chrome" />
          <Level AutomationId="366256736" BoundingRectangle="-1,-1,1922,1042" ClassName="Chrome_RenderWidgetHostHWND" ControlType="50030" FrameworkId="Chrome" Name="#le-tryhard-🩸" LocalizedControlType="document" />
          <Level BoundingRectangle="-8,-8,1936,1056" ClassName="Chrome_WidgetWin_1" ControlType="50033" FrameworkId="Win32" Name="#le-tryhard-🩸 - Discord" LocalizedControlType="volet" />
        </UIAStack>
      </EachAction>
      <EachAction ActionNumber="6" Time="10:02:27" Pid="3836" ProgramId="0006dd78966736362838ff94c0b9fe59cfe200000904" FileId="0000bb3cf097f0faf16bc170b9e0c8e1481934ecae17" FileVersion="0.0.306" FileDescription="Discord" FileCompany="Discord Inc." FileName="DISCORD.EXE" CommandLine="DISCORD.EXE">
        <Description>Clic avec le bouton gauche par l’utilisateur dans « #le »</Description>
        <Action>Clic avec le bouton gauche de la souris</Action>
        <CursorCoordsXY>46,283</CursorCoordsXY>
        <ScreenCoordsXYWH>0,0,1920,1080</ScreenCoordsXYWH>
        <UIAStack />
      </EachAction>
      <EachAction ActionNumber="7" Time="10:02:28" Pid="3836" ProgramId="0006dd78966736362838ff94c0b9fe59cfe200000904" FileId="0000bb3cf097f0faf16bc170b9e0c8e1481934ecae17" FileVersion="0.0.306" FileDescription="Discord" FileCompany="Discord Inc." FileName="DISCORD.EXE" CommandLine="DISCORD.EXE">
        <Description>Saisie au clavier par l’utilisateur sur « #🌴jungle - Discord (volet) » dans « #🌴 » [ECHAP]</Description>
        <Action>Saisie au clavier</Action>
        <CursorCoordsXY>0,0</CursorCoordsXY>
        <ScreenCoordsXYWH>0,0,1920,1080</ScreenCoordsXYWH>
        <UIAStack>
          <Level BoundingRectangle="-8,-8,1936,1056" ClassName="Chrome_WidgetWin_1" ControlType="50033" FrameworkId="Win32" Name="#🌴jungle - Discord" LocalizedControlType="volet" />
        </UIAStack>
      </EachAction>
      <EachAction ActionNumber="8" Time="10:02:29" Pid="3836" ProgramId="0006dd78966736362838ff94c0b9fe59cfe200000904" FileId="0000bb3cf097f0faf16bc170b9e0c8e1481934ecae17" FileVersion="0.0.306" FileDescription="Discord" FileCompany="Discord Inc." FileName="DISCORD.EXE" CommandLine="DISCORD.EXE">
        <Description>Rotation de la roulette de la souris vers le bas par l’utilisateur dans « #🌴 »</Description>
        <Action>Rotation de la roulette de la souris vers le bas</Action>
        <CursorCoordsXY>0,615</CursorCoordsXY>
        <ScreenCoordsXYWH>0,0,1920,1080</ScreenCoordsXYWH>
        <UIAStack />
      </EachAction>
      <EachAction ActionNumber="9" Time="10:02:30" Pid="3836" ProgramId="0006dd78966736362838ff94c0b9fe59cfe200000904" FileId="0000bb3cf097f0faf16bc170b9e0c8e1481934ecae17" FileVersion="0.0.306" FileDescription="Discord" FileCompany="Discord Inc." FileName="DISCORD.EXE" CommandLine="DISCORD.EXE">
        <Description>Clic avec le bouton gauche par l’utilisateur dans « #🌴 »</Description>
        <Action>Clic avec le bouton gauche de la souris</Action>
        <CursorCoordsXY>31,784</CursorCoordsXY>
        <ScreenCoordsXYWH>0,0,1920,1080</ScreenCoordsXYWH>
        <UIAStack />
      </EachAction>
      <EachAction ActionNumber="10" Time="10:02:31" Pid="3836" ProgramId="0006dd78966736362838ff94c0b9fe59cfe200000904" FileId="0000bb3cf097f0faf16bc170b9e0c8e1481934ecae17" FileVersion="0.0.306" FileDescription="Discord" FileCompany="Discord Inc." FileName="DISCORD.EXE" CommandLine="DISCORD.EXE">
        <Description>Saisie au clavier par l’utilisateur sur « #discussion - Discord (volet) » dans « #di » [ECHAP]</Description>
        <Action>Saisie au clavier</Action>
        <CursorCoordsXY>0,0</CursorCoordsXY>
        <ScreenCoordsXYWH>0,0,1920,1080</ScreenCoordsXYWH>
        <UIAStack>
          <Level BoundingRectangle="-8,-8,1936,1056" ClassName="Chrome_WidgetWin_1" ControlType="50033" FrameworkId="Win32" Name="#discussion - Discord" LocalizedControlType="volet" />
        </UIAStack>
      </EachAction>
      <EachAction ActionNumber="11" Time="10:02:32" Pid="10292" ProgramId="0000f519feec486de87ed73cb92d3cac802400000000" FileId="0000c893cf07e5f65749cd66e17d9523638b132c87b2" FileVersion="10.0.18362.713 (WinBuild.160101.0800)" FileDescription="Explorateur Windows" FileCompany="Microsoft Corporation" FileName="EXPLORER.EXE" CommandLine="EXPLORER.EXE">
        <Description>Clic avec le bouton gauche par l’utilisateur sur « Interface de la partie etudiante de l'application - 1 fenêtre en cours d’exécution (Bouton) »</Description>
        <Action>Clic avec le bouton gauche de la souris</Action>
        <CursorCoordsXY>465,1060</CursorCoordsXY>
        <ScreenCoordsXYWH>0,0,1920,1080</ScreenCoordsXYWH>
        <UIAStack>
          <Level AutomationId="D:\Documents\GitHub\Projet-S3-S4\TelecommandeEtudiant\TelecommandeEtudiant.exe" BoundingRectangle="442,1040,49,40" ControlType="50000" Name="Interface de la partie etudiante de l'application - 1 fenêtre en cours d’exécution" LocalizedControlType="Bouton" />
          <Level BoundingRectangle="96,1040,1509,40" ClassName="MSTaskListWClass" ControlType="50021" FrameworkId="Win32" Name="Applications en cours d’exécution" LocalizedControlType="barre d’outils" />
          <Level BoundingRectangle="96,1040,1509,40" ClassName="MSTaskSwWClass" ControlType="50033" FrameworkId="Win32" Name="Applications en cours d’exécution" LocalizedControlType="volet" />
          <Level AutomationId="40965" BoundingRectangle="94,1040,1511,40" ClassName="ReBarWindow32" ControlType="50033" FrameworkId="Win32" LocalizedControlType="volet" />
          <Level BoundingRectangle="0,1040,1920,40" ClassName="Shell_TrayWnd" ControlType="50033" FrameworkId="Win32" Name="Barre des tâches" LocalizedControlType="volet" />
        </UIAStack>
      </EachAction>
      <EachAction ActionNumber="12" Time="10:02:33" Pid="13880" ProgramId="0006cadd39e7476b568a9ce91b88cdda53cf00000904" FileId="00006649aa90cff007d1dbe328e1082e7974442b4deb" FileVersion="1.0.0.0" FileDescription="Interface de la partie etudiante de l'application" FileName="TELECOMMANDEETUDIANT.EXE" CommandLine="TELECOMMANDEETUDIANT.EXE">
        <Description>Clic avec le bouton gauche par l’utilisateur sur « Système d'analyse de traces - Arreter l'exercice (fenêtre) » dans « Sys »</Description>
        <Action>Clic avec le bouton gauche de la souris</Action>
        <CursorCoordsXY>237,205</CursorCoordsXY>
        <ScreenCoordsXYWH>0,0,1920,1080</ScreenCoordsXYWH>
        <UIAStack>
          <Level BoundingRectangle="164,187,200,50" ClassName="Button" ControlType="50000" FrameworkId="Win32" LocalizedControlType="Bouton" />
          <Level BoundingRectangle="164,187,200,50" ClassName="TkChild" ControlType="50033" FrameworkId="Win32" LocalizedControlType="volet" />
          <Level BoundingRectangle="156,156,216,89" ClassName="TkTopLevel" ControlType="50032" FrameworkId="Win32" Name="Système d'analyse de traces - Arreter l'exercice" LocalizedControlType="fenêtre" />
        </UIAStack>
      </EachAction>
    </RecordSession>
  </UserActionData>
</Report>